Norry,Prozescky,Portugal,Ukraine
Ofelia,Traylen,Brazil,Ukraine
Goldia,Ayliffe,France,Ukraine
Allis,Bawle,Argentina,Ukraine
Sid,Mumford,Argentina,Spain
Sonya,Lettice,Brazil,Ukraine
Marjie,Hennemann,Portugal,Ukraine
Iggie,Melhuish,France,Ukraine
Stanly,Castellucci,France,Ukraine
Inez,Shreeves,Portugal,Nicaragua
Meaghan,Ivashnikov,Portugal,Ukraine
Fern,Duck,France,Ukraine
Brenda,Aronowicz,Argentina,Ukraine
Caron,Basler,France,Nicaragua
Sam,Outram,Brazil,Netherlands
Archibaldo,Barlie,Portugal,Spain
Andriette,Pittel,Brazil,Spain
Claudette,Capner,Brazil,Netherlands
Alexis,Braund,Brazil,Ukraine
Nealy,Hackey,France,Ukraine
Courtenay,Godbald,United Kingdom,Ukraine
Micaela,Drowsfield,France,Nicaragua
Larina,Quilty,Cameroon,Spain
Wrennie,Vanyashin,France,Netherlands
Nina,Ditty,Argentina,Netherlands
El,Badsworth,Argentina,Ukraine
Templeton,Trounce,Argentina,Netherlands
Sophronia,Breheny,Brazil,Ukraine
Ruprecht,Laws,Portugal,Ukraine
Justino,Endean,France,Ukraine
Gar,Dafydd,Portugal,Nicaragua
Nicoline,Yurocjkin,Portugal,Ukraine
Gavin,Bramall,France,Ukraine
Cecily,Yablsley,Brazil,Spain
Dame,Durden,Portugal,Ukraine
Reggie,Duferie,Brazil,Ukraine
Cheryl,Barbe,Portugal,Ukraine
Durante,Boothebie,Argentina,Spain
Patience,Spreadbury,Argentina,Ukraine
Jerrine,Lytlle,Argentina,Ukraine
Carrie,Stansall,Portugal,Ukraine
Olia,Brookz,United Kingdom,Ukraine
Dorie,Soulsby,France,Ukraine
Lydon,Frayne,Brazil,Ukraine
Averil,Haresnaip,Portugal,Ukraine
Odella,Graalman,Brazil,Ukraine
Alexio,Kelle,Portugal,Ukraine
Nilson,Gerrey,Brazil,Netherlands
Rodge,Cattlemull,France,Ukraine
Arlina,Wheater,Portugal,Ukraine
Inger,Bysshe,Cameroon,Spain
Korey,Tripney,Brazil,Ukraine
Marlee,Tidbold,France,Ukraine
Garnette,Coley,Portugal,Nicaragua
Jessi,Hewell,Argentina,Netherlands
Pierce,Dabels,Brazil,Spain
Lennard,Haliburton,France,Nicaragua
Phaidra,Greenlees,France,Netherlands
Sileas,Takkos,Portugal,Nicaragua
Athena,Guiso,Brazil,Netherlands
Lynda,Westwood,Brazil,Ukraine
Saba,Dimbylow,France,Ukraine
Hattie,Byrch,Brazil,Ukraine
Finlay,Michelet,Brazil,Ukraine
Kayley,Redshaw,Argentina,Ukraine
Claiborne,I'anson,France,Netherlands
Benoite,Karpinski,Portugal,Ukraine
Brietta,Hilley,Portugal,Netherlands
Phyllys,Gleed,Argentina,Netherlands
Mag,Gillebride,Portugal,Ukraine
Robinett,Juanes,France,Ukraine
Eyde,Scoyne,Portugal,Spain
Calhoun,Taplin,France,Ukraine
Daron,Roycroft,Portugal,Ukraine
Dosi,Randlesome,Argentina,Ukraine
Carmencita,Marcussen,Brazil,Ukraine
Adelaida,MattiCCI,France,Ukraine
Krystalle,Mount,Portugal,Ukraine
Ari,Binch,Portugal,Ukraine
Lance,Knightley,Brazil,Ukraine
Petrina,Fillary,Argentina,Ukraine
Annnora,Bettesworth,Portugal,Ukraine
Porty,Fryatt,Cameroon,Ukraine
Armand,Hathaway,Portugal,Netherlands
Ram,Djekovic,Brazil,Ukraine
Prent,Pafford,Portugal,Netherlands
Hart,Lindegard,Portugal,Ukraine
Issi,Rankcom,Brazil,Ukraine
Karyn,Doding,France,Netherlands
Ilise,Leger,Portugal,Nicaragua
Elizabet,Petrov,Argentina,Ukraine
Leia,Branchet,Portugal,Netherlands
Kellby,Bram,Portugal,Spain
Cortie,Pahler,France,Netherlands
Kipp,Bartley,France,Spain
Danika,Fellenor,Portugal,Ukraine
Vonny,Linacre,Portugal,Nicaragua
Weider,Saunter,Argentina,Ukraine
Shay,Alekseev,France,Ukraine
Leena,Hadfield,Brazil,Ukraine
Modesta,Mark,Brazil,Ukraine
Boote,Genese,Cameroon,Ukraine
Cristy,Temperton,Brazil,Ukraine
Dorie,Sich,Brazil,Ukraine
Hilarius,Lankester,Brazil,Ukraine
Madel,Goodday,Portugal,Nicaragua
Ki,Larose,France,Spain
Zara,Elton,Portugal,Ukraine
Joni,Willmetts,Brazil,Netherlands
Crista,Trimmill,Argentina,Ukraine
Ronda,Loncaster,Portugal,Nicaragua
Adrianna,Duffit,Brazil,Ukraine
Tricia,Cuddihy,Portugal,Ukraine
Chaddy,Samples,Brazil,Netherlands
Danielle,Bearcock,Argentina,Nicaragua
Carla,Trudgeon,Brazil,Ukraine
Esme,Itchingham,Germany,Nicaragua
Gram,Blakeney,Cameroon,Spain
Allin,McOrkill,Portugal,Ukraine
Meade,Kinghorne,Portugal,Ukraine
Arabelle,Pattillo,Portugal,Nicaragua
Duane,Sabater,Portugal,Ukraine
Cathie,O'Dooghaine,Portugal,Netherlands
Rogers,Hearnden,France,Nicaragua
Mamie,McConnell,France,Ukraine
Joshua,Nellies,France,Ukraine
Gus,Sallarie,Portugal,Ukraine
Wyatan,Caselli,France,Ukraine
Charo,Oakly,Portugal,Netherlands
Rooney,Pedreschi,Brazil,Ukraine
Batholomew,Mowen,Portugal,Ukraine
Kayley,Sollett,Argentina,Ukraine
Von,McCawley,Brazil,Ukraine
Simeon,Darkin,Portugal,Spain
Annis,Bryant,France,Ukraine
Michell,Lipscomb,France,Ukraine
Murvyn,Hearl,France,Ukraine
Danya,Shrieve,France,Netherlands
Ada,Deabill,Portugal,Ukraine
Shela,Caig,Portugal,Nicaragua
Georgi,Groundwator,Argentina,Ukraine
Tremaine,Cotelard,Argentina,Ukraine
Bayard,Oury,Portugal,Ukraine
Sherm,Hugues,France,Ukraine
Marion,Manns,Argentina,Ukraine
Dennie,Ewdale,Brazil,Ukraine
Sybila,Arsnell,Brazil,Ukraine
Giorgi,Rizon,Portugal,Ukraine
Papagena,Clutheram,Portugal,Ukraine
Kym,Jobling,France,Netherlands
Laurena,D'Hooge,Portugal,Ukraine
Tiebold,Burke,Argentina,Netherlands
Shanon,Vesque,Portugal,Ukraine
Deana,Cleary,Brazil,Ukraine
Welby,Gaskins,Portugal,Ukraine
Georg,Karpets,Argentina,Ukraine
Griz,Mearing,Argentina,Ukraine
Justen,Charrett,France,Ukraine
Jonis,Fairholme,France,Ukraine
Timothy,McSperron,Argentina,Netherlands
Rici,Themann,France,Ukraine
Ame,Kynett,Portugal,Nicaragua
Klaus,Heineke,Portugal,Nicaragua
Sigmund,Reisk,France,Ukraine
Josephina,Siddell,Portugal,Ukraine
Gabie,McMorran,Brazil,Ukraine
Rodrigo,Morgon,France,Netherlands
Estevan,Pepperell,Brazil,Nicaragua
Greggory,Drewry,Brazil,Spain
Averell,McGinnell,Portugal,Ukraine
Augusta,Rendbaek,France,Ukraine
Gerta,Knocker,Portugal,Ukraine
Alberta,Buzin,Brazil,Ukraine
Onofredo,Strond,Brazil,Ukraine
Caldwell,Woltman,Portugal,Ukraine
Debra,Sisey,France,Ukraine
Jourdain,McCritichie,Brazil,Netherlands
Haydon,Corradengo,Portugal,Ukraine
Merv,Drover,Brazil,Ukraine
Flor,Tarbet,Portugal,Ukraine
Hayden,Featonby,Portugal,Nicaragua
Wynny,O'Hearn,Portugal,Ukraine
Rosalia,Tessyman,France,Netherlands
Royce,Glaves,Portugal,Ukraine
Brendon,Fountain,Portugal,Nicaragua
Sargent,Warrick,France,Netherlands
Rance,Trevena,France,Ukraine
Annadiana,Baylie,Argentina,Netherlands
Abbye,Hackforth,Brazil,Ukraine
Cory,Andrez,Brazil,Ukraine
Dalis,Hindrich,Argentina,Ukraine
Juliann,Grellier,Argentina,Ukraine
Jasun,McAllister,Portugal,Ukraine
Rollin,Shoard,Brazil,Ukraine
Lynett,Wevell,Cameroon,Netherlands
Byram,Eastope,Brazil,Netherlands
Ami,Farryann,Brazil,Nicaragua
Zena,Brazil,Portugal,Ukraine
Sholom,Chipping,Portugal,Ukraine
Ardisj,Parken,Brazil,Ukraine
Kristopher,Spadazzi,France,Ukraine
Laurie,Spurriar,Portugal,Ukraine
Freida,Pirelli,France,Ukraine
Flossi,McKelvie,Argentina,Ukraine
Jake,Wenger,France,Netherlands
Elka,Bowld,France,Ukraine
Reggi,Peers,Brazil,Spain
Prescott,Cianelli,Brazil,Ukraine
Moses,Fairnie,France,Netherlands
Kata,Brunesco,France,Ukraine
Gawen,Royson,Brazil,Netherlands
Clemence,Lippiello,Portugal,Ukraine
Lind,Esley,Portugal,Netherlands
Ardisj,Bridie,Portugal,Netherlands
Paolina,Rudolfer,Portugal,Ukraine
Keith,McFaul,France,Ukraine
Lane,Kienle,Portugal,Netherlands
Violet,Redwood,Brazil,Ukraine
Annette,Leathart,Portugal,Spain
Lorie,Colliar,Brazil,Ukraine
Bernette,Taleworth,Portugal,Ukraine
Kristoffer,Simounet,Argentina,Ukraine
Marissa,Lanfear,France,Netherlands
Jeannette,Beeres,Argentina,Ukraine
Balduin,Biasotti,Portugal,Nicaragua
Elbert,Linnock,France,Ukraine
Northrup,Turton,Brazil,Ukraine
Charmion,Calcutt,Argentina,Spain
Lindon,Vannikov,Portugal,Spain
Kayne,Houlworth,France,Ukraine
Philippe,Heal,Brazil,Ukraine
Clemente,Mowat,Brazil,Ukraine
Royal,Harget,Portugal,Ukraine
Laraine,Cowl,Brazil,Netherlands
Justinn,Garthshore,Portugal,Ukraine
Ameline,Lakey,Portugal,Ukraine
Johanna,Dumini,France,Ukraine
Virge,Trendle,France,Ukraine
Trula,Farenden,Brazil,Ukraine
Mommy,Gisbey,France,Ukraine
Robin,Cleef,Brazil,Ukraine
Sholom,Sibthorp,Brazil,Ukraine
Luce,Mielnik,Argentina,Ukraine
Aldis,Bouskill,France,Netherlands
Durand,Kores,Brazil,Ukraine
Brina,Reavell,France,Ukraine
Del,Jarrett,Brazil,Ukraine
Duke,Flasby,Portugal,Ukraine
Jobye,Salvador,Portugal,Ukraine
Eldridge,Southall,Brazil,Ukraine
Edward,Castilla,Portugal,Ukraine
Prentiss,Borzone,Portugal,Ukraine
Minna,Whitehorne,Brazil,Ukraine
Marcelia,Sperwell,France,Netherlands
Marten,Pattie,Brazil,Ukraine
Melinda,Gai,Brazil,Ukraine
Lyndy,Wike,France,Ukraine
Adele,Gready,Brazil,Ukraine
Nalani,Lange,Portugal,Spain
Lincoln,Caret,Argentina,Ukraine
Xena,O'Cuddie,France,Ukraine
Trina,MacCrackan,Brazil,Ukraine
Leonard,O'Coskerry,Brazil,Ukraine
Luci,Gallienne,Portugal,Nicaragua
Dedie,Calendar,Argentina,Ukraine
Artus,Ximenez,France,Spain
Lukas,Baggally,France,Ukraine
Gardiner,Dockery,Portugal,Ukraine
Gene,Vearncombe,France,Ukraine
Celinka,Dabling,Brazil,Ukraine
Marcela,Regus,Portugal,Ukraine
Clotilda,Santhouse,France,Ukraine
Brina,McCuish,Brazil,Ukraine
Zerk,Mapston,Portugal,Turkey
Leda,Cutting,Portugal,Ukraine
Faith,Derks,Argentina,Spain
Milly,Novkovic,France,Netherlands
Jenelle,Blackater,Portugal,Ukraine
Art,O'Lagen,Portugal,Ukraine
Linell,Elliff,Brazil,Spain
Randolph,Robbert,Brazil,Ukraine
Abbott,Steen,France,Ukraine
Neal,Locksley,Cameroon,Ukraine
Kevyn,Lawie,Brazil,Ukraine
Lezlie,Extal,Brazil,Ukraine
Martyn,Eccleshare,Brazil,Turkey
Maximilianus,Kinworthy,Argentina,Ukraine
Felice,Coulbeck,France,Ukraine
Gerik,Howler,Germany,Ukraine
Kylynn,Garralts,Portugal,Ukraine
Sela,Minghi,Portugal,Netherlands
Analiese,Brandt,Brazil,Ukraine
Janene,Barwick,United Kingdom,Ukraine
Dewitt,Massen,Portugal,Netherlands
Rowe,Turnbull,Argentina,Ukraine
Shane,Babinski,Brazil,Ukraine
Gladi,McGoldrick,Argentina,Ukraine
Der,Chestney,Argentina,Ukraine
Fayre,Domenget,Brazil,Netherlands
Sonja,Raistrick,Portugal,Ukraine
